{
  "time":[0, 0.0001, 0.0002, 0.00030000000000000003, 0.0004, 0.0005, 0.0006000000000000001, 0.0007000000000000001, 0.0008000000000000001, 0.0009000000000000002, 0.0010000000000000002, 0.0011000000000000003, 0.0012000000000000003, 0.0013000000000000004, 0.0014000000000000004, 0.0015000000000000005, 0.0016000000000000005, 0.0017000000000000006, 0.0018000000000000006, 0.0019000000000000006, 0.0020000000000000005, 0.0021000000000000003, 0.0022, 0.0023, 0.0024, 0.0024999999999999996, 0.0025999999999999994, 0.0026999999999999993, 0.002799999999999999, 0.002899999999999999, 0.0029999999999999988, 0.0030999999999999986, 0.0031999999999999984, 0.0032999999999999982, 0.003399999999999998, 0.003499999999999998, 0.0035999999999999977, 0.0036999999999999976, 0.0037999999999999974, 0.0038999999999999972, 0.0039999999999999975, 0.004099999999999998, 0.004199999999999998, 0.004299999999999998, 0.0043999999999999985, 0.004499999999999999, 0.004599999999999999, 0.004699999999999999, 0.0048, 0.0049, 0.005, 0.0051, 0.005200000000000001, 0.005300000000000001, 0.005400000000000001, 0.005500000000000001, 0.005600000000000002, 0.005700000000000002, 0.005800000000000002, 0.0059000000000000025, 0.006000000000000003, 0.006100000000000003, 0.006200000000000003, 0.0063000000000000035, 0.006400000000000004, 0.006500000000000004, 0.006600000000000004, 0.0067000000000000046, 0.006800000000000005, 0.006900000000000005, 0.007000000000000005, 0.007100000000000006, 0.007200000000000006, 0.007300000000000006, 0.007400000000000006, 0.007500000000000007, 0.007600000000000007, 0.007700000000000007, 0.0078000000000000074, 0.007900000000000008, 0.008000000000000007, 0.008100000000000007, 0.008200000000000006, 0.008300000000000005, 0.008400000000000005, 0.008500000000000004, 0.008600000000000003, 0.008700000000000003, 0.008800000000000002, 0.008900000000000002, 0.009000000000000001, 0.0091, 0.0092, 0.0093, 0.009399999999999999, 0.009499999999999998, 0.009599999999999997, 0.009699999999999997, 0.009799999999999996, 0.009899999999999996, 0.009999999999999995],
  "uy30":[0, -0.0006232623381189439, -0.003188237960774852, -0.008676861786794669, -0.01763281281331489, -0.030023827006810323, -0.044932243464389385, -0.061544717036618124, -0.07968819199463548, -0.09938998553978312, -0.12084522489734759, -0.14394270448585533, -0.1676589040680834, -0.19106440487105783, -0.21406103667492507, -0.23683245199590383, -0.25946965212177603, -0.28179972694025923, -0.3037128013207165, -0.32477768298046594, -0.34422378268629583, -0.36240330737825105, -0.37984851706908707, -0.39594995788652165, -0.4101541889783814, -0.422781442753417, -0.43437438155940344, -0.44480213629920795, -0.4536032558220985, -0.4610788627397077, -0.4677463242203499, -0.473032913391272, -0.47651058050303885, -0.4787099491309264, -0.47963771331781296, -0.4791155917417632, -0.4773715171255446, -0.4747196555312515, -0.4710159378529097, -0.465915268659842, -0.4598772123338271, -0.45304413964792845, -0.44525844775352286, -0.43707464615202063, -0.42865984893337983, -0.4196226513185001, -0.4102820855742174, -0.4011219467596546, -0.392041591049049, -0.38330284440835544, -0.37530615883030727, -0.36784525426303216, -0.3608368437748394, -0.3547541160783401, -0.3498598948143252, -0.3459028688840821, -0.34320201737030587, -0.3418895326837325, -0.34137833122159544, -0.3420382172630687, -0.34417388177617764, -0.3474411027340048, -0.3518251880848543, -0.3573565289141565, -0.36373312455221013, -0.3706352782399809, -0.3784178563221149, -0.38702933067233036, -0.39586495307535, -0.4050060591269642, -0.4143278336683752, -0.4232570225071709, -0.431970020887971, -0.4406534904632397, -0.448748922150769, -0.45602213324425633, -0.4625916193066185, -0.4681073321241447, -0.4724514605456452, -0.4759316630369961, -0.47847727059771833, -0.4795805181966115, -0.47936152201911786, -0.4781019267955782, -0.47539207649145593, -0.47162221856620895, -0.4671261397131499, -0.4614377176387695, -0.4546908692728766, -0.44722812503323567, -0.43912952222064855, -0.4304302835456303, -0.4215967217152493, -0.4127244908645121, -0.4034549308711205, -0.39428647354358654, -0.3855969258265053, -0.3772288283498132, -0.36950877832296153, -0.3627849026412581, -0.3566661717071233]
}
