{
  "time":[0, 1, 2, 3, 4, 5, 6, 7, 8, 9, 10, 11, 12, 13, 14, 15, 16, 17, 18, 19, 20, 21, 22, 23, 24, 25, 26, 27, 28, 29, 30, 31, 32, 33, 34, 35, 36, 37, 38, 39, 40, 41, 42, 43, 44, 45, 46, 47, 48, 49, 50, 51, 52, 53, 54, 55, 56, 57, 58, 59, 60, 61, 62, 63, 64, 65, 66, 67, 68, 69, 70, 71, 72, 73, 74, 75, 76, 77, 78, 79, 80, 81, 82, 83, 84, 85, 86, 87, 88, 89, 90, 91, 92, 93, 94, 95, 96, 97, 98, 99, 100],
  "uy17":[0, 1.5389070825273323, 4.759410194238877, 7.587669635353825, 10.407175681919732, 13.203451828963486, 14.908417713851268, 15.625073035208548, 15.294356606061923, 13.656591299728683, 10.777209527080874, 6.869980873665738, 2.118944683501601, -3.141333271079084, -8.418370561964075, -13.05971611784155, -16.36956813417945, -17.82732947681436, -17.24543787197345, -14.768595006242336, -10.795909932185586, -5.874452709577659, -0.6205697972669508, 4.3364678608533636, 8.397394650258759, 11.03822176951196, 11.850973068907274, 10.585608844624325, 7.191221874405309, 1.8534860539953737, -4.992779502449099, -12.693371952077724, -20.452349505837375, -27.43928851158061, -32.89961561586845, -36.24377197648741, -37.10567972352767, -35.37090633528419, -31.18055791048897, -24.915348863974355, -17.16262528722599, -8.666673998070046, -0.2628101933523759, 7.2029546442932935, 12.962778837103954, 16.41418844229333, 17.192304448867635, 15.21495646754713, 10.693384600161137, 4.108210226076397, -3.843830088977991, -12.323624526229622, -20.434698061640372, -27.31124160816691, -32.20213188065654, -34.5445641165878, -34.021168736634266, -30.594775781588382, -24.51610369451683, -16.30195481319827, -6.6849692018051226, 3.460106065501245, 13.205305447004985, 21.663239950857562, 28.07539526856454, 31.88591542927407, 32.79413159160246, 30.781639798405212, 26.112148488459308, 19.304536143025285, 11.081666989614854, 2.299586222177238, -6.1363364634853355, -13.360189614313086, -18.63029741162041, -21.401289528062293, -21.376108245218443, -18.532878324196986, -13.124394373689466, -5.650899701199995, 3.190548136249264, 12.574747613449432, 21.628231193035464, 29.512710089095197, 35.50425723044068, 39.06084209410441, 39.871913460619744, 37.88542074483419, 33.30985960774719, 26.591411666152677, 18.36873464474958, 9.410144564283497, 0.5395606751249407, -7.441500525879893, -13.828439115555614, -18.07770312992191, -19.854800011924713, -19.062065526785652, -15.843996266297644, -10.570037728569918, -3.796793833427217]
}
